#pathway_or_genefamily	CSM5FZ3T	CSM5FZ46	CSM5FZ4C	CSM5FZ4G	CSM5FZ4K	CSM5LLGB	CSM5MCTZ	CSM5MCU4	CSM5MCU8	CSM5MCUC	CSM5MCUE	CSM5MCUG	CSM5MCUK	CSM5MCUQ	CSM5MCUW	CSM5MCUY	CSM5MCV1	CSM5MCVJ	CSM5MCVV
UniRef90_R9HYF9	0	0	0	0	0	0	0	0	0	0	0	0	0	0	0	0	0	0	0
UniRef90_B0N6L3	0	0	0	0	0	0	0	0	0	0	0	0	0	0	0	0	0	0	0
UniRef90_R5JFL8	0	0	0	148.595849404	0	0	24.4788890194	0	0	0	0	0	0	0	0	0	0	0	0
UniRef90_UPI00046604C8	0	0	0	0	0	0	0	0	0	0	0	0	0	0	0	0	0	0	0
UniRef90_E5Y4I6	0	0	0	0	0	0	0	0	0	0	0	0	0	0	0	0	0	0	0
UniRef90_R6SCH7	0	0	0	0	0	0	0	0	0	0	0	0	0	0	0	0	0	0	0
UniRef90_U2AZH3	0	0	0	0	0	0	0	0	0	0	0	0	0	0	0	0	0	0	0
UniRef90_C3QVW0	0	0	0	70.3892672909	0	0	45.1065709695	0	0	0	0	4.9436122803	0	0	0	0	0	0	0
UniRef90_R7P4E9	215.540763247	0	24.3902439024	41.3969529494	54.8632200413	12.1604438793	161.882041353	125.376251004	35.3321411686	23.0750974314	26.7928089095	336.199090244	0	0	1.2195121951	0	1035.15593345	0	148.476305039
UniRef90_C3QVW2	0	0	0	569.08745903	0	0	226.565005365	0	0	0	343.365975422	0	0	0	0	0	0	0	0
UniRef90_C3QVW3	0	0	0	0	0	0	0	0	0	0	0	0	0	0	0	0	0	0	0
UniRef90_A7B814	0	0	0	0	0	0	0	0	0	0	0	0	0	0	0	0	0	0	0
UniRef90_R5Z721	0	0	45.2576329459	0	0	0	0	0	0	0	0	0	0	0	0	0	0	0	0
UniRef90_D3AS98	0	0	0	0	0	0	0	0	0	0	0	0	0	0	0	0	0	0	0
UniRef90_R7P4E7	217.592718671	1.0277492292	36.9730847597	52.3829224118	41.0505705604	25.6255556394	243.390243669	112.9143983	96.5812321774	5.0984024636	0	382.833182423	3.0655994685	0	0	26.6946795537	1118.04164003	0	155.967157669
UniRef90_Q8A6L8	0	0	0	0	0	0	37.1819960861	0	0	0	0	210.975971857	0	0	0	0	122.947046241	0	0
UniRef90_P37754	0	0	0	0	0	0	0	0	0	0	0	0	0	0	0	0	0	0	0
UniRef90_J9BWM1	0	0	0	0	0	0	0	0	0	0	0	0	0	0	0	0	0	0	9.6544274518
UniRef90_H1CAH1	0	0	0	0	0	0	0	0	0	0	0	0	0	0	0	0	0	0	0
UniRef90_N9X9Z0	0	0	0	0	0	0	0	0	0	0	0	0	0	0	0	0	0	0	0
UniRef90_R5WBA6	0	0	0	0	0	0	0	0	0	0	0	0	0	0	0	0	0	0	0
UniRef90_R5FCT4	18.1674818852	0	0	0	3.028009084	0	0	3.7821517208	0	0	0	0	0	0	0	0	0	0	3.0268647117
UniRef90_M9S2T2	0	0	0	0	0	0	0	0	0	0	0	0	0	7.5646160834	0	0	0	0	0
UniRef90_R6X8T3	0	0	0	0	0	0	0	0	0	0	0	0	0	0	0	0	0	0	0
UniRef90_C3QUB6	0	0	0	0	0	0	49.4252858105	0	13.6363636364	0	0	0	0	0	0	0	0	0	0
UniRef90_B2UML6	0	0	0	0	0	0	0	0	0	0	0	0	0	0	0	0	0	0	0
UniRef90_R6PHU4	0	0	0	0	0	0	0	0	0	0	0	0	0	0	0	0	0	0	0
UniRef90_W4UTC1	0	0	0	0	0	0	0	0	0	0	0	0	0	0	13.9298748145	0	0	0	0
UniRef90_C3QPA5	0	0	0	0	0	0	0	0	0	0	0	0	0	0	0	0	0	0	0
UniRef90_D4JHM7	0	0	0	0	0	0	0	0	0	0	0	0	0	0	0	0	0	0	0
UniRef90_S6EMG5	0	0	0	0	0	0	0	0	0	0	0	0	0	0	0	0	0	0	0
UniRef90_A5ZXH2	0	0	0	0	0	0	0	0	0	0	0	0	0	0	0	0	0	0	0
UniRef90_A5ZXH1	0	0	0	6.7453731961	0	0	0	0	0	0	0	0	0	0	0	0	0	0	0
UniRef90_H1PTH5	0	0	0	0	0	0	0	0	0	0	0	0	0	0	0	0	950.955516343	0	0
UniRef90_G2LAB1	0	0	0	0	0	0	0	0	0	0	0	0	0	48.2809311214	0	0	0	0	0
UniRef90_R5V6X5	0	0	0	0	0	0	128.569477048	0	0	0	0	0	0	0	0	0	0	0	0
UniRef90_F8LUP8	0	0	0	0	0	0	0	0	0	0	0	0	0	0	0	0	0	0	0
UniRef90_R5V6X6	0	0	0	0	0	0	0	0	0	0	0	0	0	0	0	0	0	0	0
UniRef90_R5V6X0	0	0	0	0	0	0	10.3073745054	0	0	0	0	0	0	0	0	0	16.5405915231	0	74.6546287629
UniRef90_R5V6X3	0	0	0	0	0	0	865.765173044	0	0	0	0	44.3866256346	0	0	0	0	0	0	0
UniRef90_S3YQX1	0	0	0	0	0	0	0	0	0	0	3.6496350365	0	0	0	0	0	0	0	0
UniRef90_W1GT22	0	0	0	0	0	0	0	0	0	0	0	0	0	0	0	0	0	0	0
UniRef90_R5V6X8	0	0	0	0	0	0	74.7508197382	0	0	0	0	7.2821164616	0	0	0	0	0	0	0
UniRef90_R6CQT0	0	0	0	0	0	17.5614885313	0	0	0	0	0	0	0	0	0	0	0	0	7.0137289822
UniRef90_R7JRG6	0	0	0	0	0	0	0	0	0	0	0	0	0	0	0	0	0	0	0
UniRef90_D4KBE7	0	0	0	0	0	0	0	0	0	0	0	0	0	0	0	0	0	0	0
UniRef90_R5P5U0	0	0	0	0	0	0	0	0	0	0	0	0	0	0	0	0	0	0	0
UniRef90_R5W136	0	0	0	0	0	0	102.426754518	0	0	0	0	0	0	0	0	0	0	0	0
UniRef90_B6EPU8	0	0	0	0	0	0	0	0	0	0	0	0	0	0	0	0	0	0	0
UniRef90_N2JJF2	0	0	0	0	0	0	0	0	0	0	0	0	0	0	0	0	0	0	0
UniRef90_R9MKW6	0	0	0	0	0	0	0	0	0	0	0	0	0	0	0	0	0	0	0
UniRef90_R5WPG8	0	0	0	0	0	0	0	0	0	0	0	0	0	0	0	0	0	0	0
UniRef90_W5HCK0	0	0	0	0	0	0	0	0	0	0	0	0	0	0	0	0	0	0	0
UniRef90_A6P0L5	0	0	0	0	0	0	0	5.7287353612	0	0	0	0	0	0	0	0	0	0	0
UniRef90_R6CI81	0	0	0	0	0	0	0	0	0	0	0	0	0	0	0	0	0	0	0
UniRef90_R6XZ14	0	0	0	0	0	0	0	0	0	0	0	0	0	0	0	0	0	0	0
UniRef90_I3YM38	0	0	0	306.030399648	856.111912073	0	863.380733528	0	1.4598540146	24.7661149378	0	338.188540801	4.3795620438	556.646528187	0	163.264872182	0	0	0
UniRef90_U2USA9	0	0	0	0	0	0	0	105.040115419	0	0	0	0	0	0	0	0	17.0347038397	40.0705149287	0
UniRef90_R6A5Q7	0	0	0	0	0	0	0	0	0	0	0	23.1554389035	0	0	0	0	0	0	0
UniRef90_S2YV30	0	0	0	0	0	0	0	0	0	0	0	0	0	0	0	0	39.8381826452	0	0
UniRef90_R5CUG3	0	0	0	0	0	0	44.6197937116	0	0	0	0	45.7125708011	0	0	0	0	0	0	0
UniRef90_UPI00046A5785	0	0	0	0	0	0	0	0	0	0	0	0	0	0	0	0	0	0	11.5330289113
UniRef90_R7DTB7	0	0	0	0	0	0	0	0	0	0	0	0	0	22.1265041717	0	0	0	0	0
UniRef90_A6BCT8	0	0	0	0	0	0	0	0	0	0	0	0	0	0	0	0	0	0	0
UniRef90_Q8A0R7	23.6939761093	0	26.8770678606	0	0	0	0	0	0	0	0	0	0	0	0	0	0	0	0
UniRef90_UPI0003B42AC1	0	0	0	0	0	0	0	0	0	0	0	0	0	0	0	0	0	0	0
UniRef90_K1Z191	0	0	0	0	0	0	0	0	0	0	0	0	0	0	0	0	0	0	14.104668271
UniRef90_U2C6K2	0	0	0	0	0	0	0	0	0	0	0	0	0	0	301.190694745	0	0	0	150.282696588
UniRef90_N9X824	0	0	0	0	0	0	0	0	0	0	0	0	0	0	0	0	0	0	0
UniRef90_N9X823	0	0	11.8408658147	0	0	0	0	0	0	0	0	0	0	0	0	0	0	0	0
UniRef90_J4X9L7	0	0	0	0	0	0	0	0	0	0	0	0	0	0	0	0	0	0	0
UniRef90_R7JNR0	0	0	0	0	0	0	62.1685970799	0	0	0	0	197.481422526	0	0	0	0	0	0	0
UniRef90_Q8XCV5	0	0	0	0	0	0	0	0	0	0	0	0	0	0	0	0	4.9386065704	0	0
UniRef90_R5NKR2	0	0	0	0	0	0	0	0	0	0	0	0	0	0	0	0	0	0	18.8055015211
UniRef90_U2DGU6	0	0	0	0	0	0	0	73.1496176598	449.311518697	0	0	0	0	0	0	0	0	0	0
UniRef90_UPI0003F502FE	0	0	0	0	0	0	0	0	0	0	0	0	0	0	0	0	0	0	0
UniRef90_R7KYG9	0	0	0	0	0	0	0	0	0	0	0	0	0	0	0	0	0	0	0
UniRef90_B9YDQ5	0	0	0	0	0	0	0	0	0	0	0	0	0	0	0	0	0	0	0
UniRef90_D4L836	0	0	0	43.2637526696	0	0	0	0	0	0	0	0	0	0	0	0	0	0	0
UniRef90_F7M6V2	0	0	0	0	0	0	0	0	0	0	0	0	0	0	0	0	0	0	0
UniRef90_C4Z439	0	0	0	0	0	0	0	0	0	0	0	0	0	0	0	0	0	0	0
UniRef90_A5ZAG1	0	0	0	0	0	0	0	0	0	0	0	0	0	0	0	0	0	0	0
UniRef90_A6NQH9	0	0	0	0	0	0	0	0	0	0	0	0	0	0	2.2601710535	0.748502994	0	0	0
UniRef90_R5BTS9	0	0	0	0	0	0	0	0	29.5857988166	0	0	0	0	0	0	0	0	0	0
UniRef90_G2L6W8	0	0	0	0	0	0	0	0	0	0	0	0	0	5.2318162462	0	0	0	0	0
UniRef90_F7M6V9	0	0	0	0	0	0	0	0	0	0	0	0	0	0	0	0	0	0	0
UniRef90_G9YM87	0	0	0	0	0	0	0	0	3.2119914347	0	0	0	0	0	0	0	0	0	0
UniRef90_A6NQH0	0	0	0	0	0	0	0	116.532714263	0	0	0	0	0	0	7.7877091669	0	0	0	0
UniRef90_R6Y8Z6	0	0	0	67.3529963402	0	0	0	0	0	0	0	48.4348393144	18.9189189189	64.4155406719	37.8089319266	0	0	0	0
UniRef90_D4IJH3	0	0	0	0	0	0	0	0	78.058508991	5.4110971365	58.4458079954	2.7932960894	0	0	0	0	0	0	0
UniRef90_C7H9U5	0	0	0	0	0	0	0	0	0	0	0	0	0	0	0	0	0	0	30.5737375029
UniRef90_R5VFM8	0	0	0	0	0	0	0	0	0	0	0	0	0	0	0	0	0	0	0
UniRef90_C9R8E0	0	0	0	0	0	0	0	0	0	0	0	0	0	0	0	0	0	0	0
UniRef90_A4W7D9	0	0	0	0	0	0	0	0	0	0	0	0	0	0	0	0	0	0	0
UniRef90_R5Z032	0	0	0	0	0	0	4.2826552463	0	0	0	0	0	0	0	0	0	0	0	0
UniRef90_G0E1Q4	0	0	0	0	0	0	0	0	0	0	0	0	0	0	0	0	0	0	0
UniRef90_Q8A8R0	0	0	0	0	0	0	395.412695542	0	36.5264948108	50.44511216	117.994122442	399.195016989	2.3923444976	12.7746750874	205.11972229	86.8358711055	0	0	0
UniRef90_R5JH57	0	0	0	0	0	0	25.1354297801	0	0	0	0	53.8030244027	0	0	0	0	0	0	0
UniRef90_D4IJH6	0	0	0	0	0	0	0	0	0	0	0	0	0	0	0	0	0	0	0
